0,로터,1000
1,진동마사지기,3000
2,클리캡,1000
3,전동오나홀,3000
4,바이브,3000
5,애널바이브,3000
6,애널비즈,3000
7,바디클립,1500
8,확장벌룬,5000
9,관장도구세트,3500

10,니플캡,1000
11,착유기,1500
12,페니스밴드,2000
13,채찍,5000
14,바늘,2000
15,아이마스크,1500
16,밧줄,2500
17,볼개그,1000
18,비디오카메라,10000
19,카메라,5000

20,플레이매트,2000
21,대거울,5000
22,목걸이+리드,3500
23,전극플레이키트,5000
24,리본,1500
25,카테터,10000
26,삼각목마,10000



;30～39番までは特殊な衣装のバリエーションに
30,정조대,15000
31,네코미미,10000
32,이누미미,10000
33,우사미미,10000
34,헤드셋,8000

36,스타킹,1500
37,타이츠,1800
38,에이프런,5000
39,웨딩세트,1500000



;40～49番までは複数購入できる道具用の枠に
40,로션,200
41,미약,2000
42,이뇨제,1000
43,비디오테이프,500
44,필름,300
45,콘돔,100
46,저온초,2000
47,강정신약,1000
48,구토제,1000
49,가려움증약,2000



;50番からは能力獲得のアイテムを
50,【더러움무시】,10000
51,【조제지식】,80000
52,【금단의지식】,80000
53,【천리안】,80000
54,【절륜】,1000
55,【수】,10
56,【공】,10
57,촉수사역술,10000
58,진화의비법,200000
59,【오메가】,10


;60番からは体質変化の薬等を。値段が高い他、ストレス値も増加するため基本的にリスクが高い
60,선인당고,1000
61,약의재료(후타),20000
62,약의재료(소멸),10000
63,푸른환약,20000
64,붉은환약,20000
65,풍유환,20000
66,축유환,10000
67,프롤락틴억제제,5000
68,3환계항우울제,5000
69,절반성전환약,25000
70,성전환약,50000
71,천사의기적,10000
72,악마의저주,10000
73,풍근환,20000
74,축근환,10000
75,포근환,10000

80,기억소거제,100000
81,되감기약,1000000
82,배란유발제,2000
83,고성능피임구,2000
84,노란환약,20000
85,긴급피임약,2000
86,감주,500
87,맥주,1000
88,사케,2000

;90番以降は何か特殊なアイテムの枠に
90,수술도구세트,300000
91,우리,20000
92,포장마차,100000
93,포장마차・증축,50000
94,플랜카드,5000

96,부적,50000
97,부적・극,200000

;200～キャラクターカード
;200,
;201,
202,미카즈키 무네치카,40000
;203,미카즈키 무네치카　극,0
204,코기츠네마루,40000
;205,코기츠네마루　극,0
206,이시키리마루,23000
207,이시키리마루 극,0,0
208,이와토오시,50000
209,이와토오시 극,0
210,이마노츠루기,2000
211,이마노츠루기 극,0
212,오오덴타 미츠요,40000
;213,
214,소하야노츠루기,40000
;215,
216,쥬즈마루 츠네츠구,40000
;217,
218,닛카리 아오에,4000
219,닛카리 아오에 극,0
220,오니마루 쿠니츠나,40000
;221,
222,나키키츠네,13000
223,나키키츠네 극,0
224,이치고히토후리,32000
;225,이치고히토후리　극,0
226,나마즈오 토시로,4000
227,나마즈오 토시로 극,0
228,호네바미 토시로,4000
229,호네바미 토시로 극,0
230,히라노 토시로,3000
;231,히라노 토시로　극,0
232,아츠시 토시로,3000
233,아츠시 토시로 극,0
234,고토 토시로,2000
;235,고토 토시로　극,0
236,시나노 토시로,2000
;237,시나노 토시로　극,0
238,마에다 토시로,2000
;239,마에다 토시로　극,0
240,아키타 토시로,2000
241,아키타 토시로 극,0
242,하카타 토시로,2000
243,하카타 토시로 극,0
244,미다레 토시로,2000
;245,미다레 토시로　극,0
246,고코타이,2000
247,고코타이 극,0
248,야겐 토시로,2000
;249,야겐 토시로　극,0
250,호쵸 토시로,2000
251,호쵸 토시로 극,0
252,오오카네히라,40000
;253,
254,우구이스마루,32000
;255,우구이스마루　극,0
256,아카시 쿠니유키,30000
;257,아카시 쿠니유키　극,0
258,호타루마루,30000
259,호타루마루 극,0
260,아이젠 쿠니토시,2000
;261,아이젠 쿠니토시　극,0
262,센고 무라마사,30000
263,센고 무라마사 극,0
264,톤보키리,30000
265,톤보키리 극,0
266,모노요시 사다무네,4000
267,모노요시 사다무네 극,0
268,타이코가네 사다무네,2000
;269,타이코가네 사다무네　극,0
270,킷코 사다무네,13000
271,킷코 사다무네 극,0
272,쇼쿠다이키리 미츠타다,30000
;273,쇼쿠다이키리 미츠타다　극,0
274,다이한냐 나가미츠,32000
;275다이한냐 나가미츠　극,0
276,코류 카게미츠,32000
;277,코류 카게미츠　극,0
278,코우세츠 사몬지,32000
279,코우세츠 사몬지 극,0
280,소우자 사몬지,13000
281,소우자 사몬지 극,0
282,사요 사몬지,2000
283,사요 사몬지 극,0
284,카슈 키요미츠,13000
285,카슈 키요미츠 극,0
286,야마토노카미 야스사다,13000
287,야마토노카미 야스사다 극,0
288,카센 카네사다,13000
;289,카센 카네사다　극,0
290,이즈미노카미 카네사다,30000
291,이즈미노카미 카네사다 극,0
292,무츠노카미 요시유키,13000
;293,무츠노카미 요시유키　극,0
294,야만바기리 쿠니히로,13000
;295,야만바기리 쿠니히로　극,0
296,야마부시 쿠니히로,30000
297,야마부시 쿠니히로 극,0
298,호리카와 쿠니히로,4000
299,호리카와 쿠니히로 극,0
300,하치스카 코테츠,13000
301,하치스카 코테츠 극,0
302,우라시마 코테츠,4000
303,우라시마 코테츠 극,0
304,나가소네 코테츠,30000
305,나가소네 코테츠 극,0
306,히게키리,32000
;307,
;308,
;309,
310,히게키리 극,0
311,히자마루,32000
;312,
;313,
314,히자마루 극,0
315,오오쿠리카라,30000
;316,오오쿠리카라　극,0
317,헤시키리 하세베,23000
;318,헤시키리 하세베　극,0
319,후도 유키미츠,2000
320,후도 유키미츠 극,0
321,시시오,30000
322,시시오 극,0
323,코가라스마루,40000
;324,
;325,
;326,
327,도다누키 마사쿠니,30000
;328,도다누키 마사쿠니　극,0
329,츠루마루 쿠니나가,32000
330,츠루마루 쿠니나가 극,0
331,타로타치,23000
;332,타로타치　극,0
333,지로타치,23000
;334,지로타치　극,0
335,니혼고,30000
336,니혼고 극,0
337,오테기네,30000
338,오테기네 극,0
339,토모에가타 나기나타,50000
;340,토모에가타 나기나타　극,0
341,모리 토시로,2000
;342,모리 토시로　극,0
343,코테키리 고우,4000
;344,
345,켄신 카게미츠,2000
;346,켄신 카게미츠　극,0
347,아즈키 나가미츠,32000
;348,아즈키 나가미츠　극,0
349,휴가 마사무네,2000
;350,휴가 마사무네　극,0
351,시즈카가타 나기나타,50000
;352,시즈카가타 나기나타　극,0
353,난센 이치몬지,13000
354,난센 이치몬지 극,0
355,치요가네마루,30000
356,치요가네마루 극,0
357,야만바기리 쵸우기,13000
;358,
359,부젠 고우,13000
;360,
361,네네키리마루,23000
;362,
363,하쿠산 요시미츠,60000
;364,
365,난카이 타로 쵸우손,13000
;366,
367,히젠 타다히로,4000
;368,
369,챠탄나키리,2000
;370,
371,쿠와나 고우,13000
;372,
373,스이신시 마사히데,13000
;374,
375,미나모토 키요마로,13000
;376,
377,마츠이 고우,13000
;378
379,산쵸모,40000
;380
381,코킨덴쥬노타치,32000
;382
383,지조 유키히라,13000
;384
385,치가네마루,4000
;386,
387,닛코 이치몬지,32000
;388,
389,타이코 사몬지,2000
;390,
391,사미다레 고우,13000
;392,
393,오오치도리 쥬몬지야리,30000
;394,
395,한진,4000
;396,
397,이치몬지 노리무네,40000
;398,
399,무라쿠모 고우,13000
;400,
401,히메츠루 이치몬지,32000
;402,
403,후쿠시마 미츠타다,32000
;404
405,칠성검,60000
;406
;407,,
;408
409,이나바 고우,30000
;410

