;처녀系列
0,처녀
1,재생처녀,;すなわちフェイク。

;陥落素質系列
3,연모,;愛情に似た感情を抱いている状態。
4,음란,;色欲に乱れきった状態。
5,복종,;完全に心を折って、屈した状態。
6,친애,;연모の上位素質。
7,창부,;음란の上位素質。
8,예속,;복종の上位素質。
9,붕괴,;精神に異常をきたした状態

;性格
10,겁쟁이,;ABL:순종が上げやすい。PALAM:반감が上がりにくい
11,반항적,;コマンドを実行しにくい。売却の際に순종4以上必要。PALAM:순종と욕정が上がりにくい
12,꿋꿋함,;コマンドを実行しにくい。売却の際に순종4以上必要
13,솔직함,;コマンドを実行しやすい。ABL:순종と봉사정신が上げやすい。PALAM:순종が上がりやすい
14,얌전함,;PALAM:반감が上がりにくい
15,프라이드높음,;コマンドを実行しにくい。ABL:기교と봉사정신が上げにくい。PALAM:굴복が上がりにくい
16,건방짐,;ABL:순종と봉사정신が上げにくい。
17,프라이드낮음,;コマンドを実行しやすい。ABL:봉사정신が上げやすい。PALAM:굴복が上がりやすい
18,츤데레,;コマンドが実行しにくいが、순종Lv4以上で反転
19,위압,;調教者が持っていると奴隷のPALAM:공포/기력消費が上がりやすく、奴隷がもっているとPALAM:굴복/PALAM:공포が上がりづらくABL:순종も上げづらくなる

;性への関心
20,자제심,;売却の際に욕망4以上必要。ABL:봉사정신が上げにくい。快楽系PALAMが上がりにくい
21,무관심,:ABL:봉사정신が上げにくい。PALAM:순종、욕정、굴복、공포、반감が上がりにくい
22,감정부족,:ABL:봉사정신が上げにくい。PALAMが全体的に上がりにくい
23,호기심,;コマンドを実行しやすい。PALAM:습득が上がりやすい
24,보수적,;コマンドを実行しにくい。ABL:봉사정신が上げにくい。PALAM:습득が上がりにくい
25,낙관적,;ABL:봉사정신が上げやすい。PALAM:억울が上がりにくい
26,비관적,;ABL:봉사정신が上げやすい。PALAM:억울が上がりやすい
27,일선을넘지않음,;全てのABLが上げにくく、순종が上がりにくい。陥落후は反転する。
28,눈에띄고싶음,;コマンドを実行しやすい。ABL:봉사정신と노출벽が上げやすい

;乙女心
30,정조관념,;애정系調教の効果が低い。PALAM:반감が上がりやすい
31,정조무관심,;애정系調教の効果が低い。PALAM:반감が上がりにくい
32,억압,;コマンドを実行しにくい。PALAM:욕정が上がりにくい。PALAM:반감が上がりやすい。순종上昇で消える。
33,해방,;ABL:마조끼が上げやすい。PALAM:욕정と굴복が上がりやすい
34,저항,;コマンドを実行しにくい。PALAM:욕정が上がりにくい。PALAM:반감が上がりやすい。욕망上昇で消える。
35,부끄럼쟁이,;コマンドを実行しにくい。노출系調教の効果が高い
36,수치심없음,;노출系調教の効果が低い
37,약점잡힘,;コマンドを実行しやすい
38,멘헤라,;愛されたがりで、依存度の変動が通常より大きくなる

;体質
40,고통에강함,;PALAM:공포と반감が上がりやすい。ABL:마조끼があるとSM系調教でPALAM:욕정が上がりやすい
41,고통에약함,;PALAM:공포と반감が上がりにくい
42,젖기쉬움,;PALAM:윤활が上がりやすい
43,젖기어려움,;PALAM:윤활が上がりにくい
44,요리치,;ABL:요리기능が上げづらい。ABL:정액중독が上げやすい
45,조루,;사정ゲージが上がりやすくなる
46,지루,;사정ゲージが上がりづらくなる
47,절륜,;사정、絶頂、噴乳での체력기력消費が減る。사정限界回数の増加
48,술꾼,;酒に強い体質。嘔吐ゲージが上がりづらくなる
49,알콜쓰레기,;酒に弱い体質。嘔吐ゲージが上がりやすくなる

;技術
50,습득빠름,;ABL:봉사정신が上げやすい。PALAM:습득が上がりやすい
51,습득느림,;ABL:봉사정신が上げにくい。PALAM:습득が上がりにくい
52,혀놀림,;フェラ系調教の効果が高い
53,바느질잘함,;コマンド「바늘」の効果が高い
54,고양이혀,;フェラ系調教が実行不可
55,조제지식,;特殊なアイテムを購入できる。コマンド「미약」の체력と기력の消費が少ない
56,독약내성,;コマンド「미약」が実行不可
57,실금버릇,;放尿コマンドが常に使えるようになる。絶頂時に放尿。
58,골드핑거,;着衣のまま一部コマンドが使えるようになる
59,요리고수,;ABL:요리기능が上げやすい。ABL:정액중독が上げにくい

;潔癖度
60,자위하기쉬움,;자위関連が実行しやすい。ABL:자위중독が上げやすい
61,악취둔감,;フェラ系調教を実行しやすい。ABL:정액중독が上げやすい
62,악취민감,;フェラ系調教を実行しにくい。ABL:정액중독が上げにくい
63,헌신적,;奉仕系調教を実行しやすい。ABL:봉사정신が上げやすい。PALAM:굴복が上がりやすい
64,더러움무시,;調教者の時に汚れによるペナルティをうけない
65,스킨십선호,;調教者から触れられるコマンドを実行しやすい。ABL:자위중독を上げづらい
66,스킨십불편,;調教者から触れられるコマンドを実行しにくい。着衣プレイ、자위を実行しやすい。

;正直度
70,쾌감에솔직,;コマンドを実行しやすい。ABL:욕망と봉사정신が上げやすい。PALAM:욕정が上がりやすい
71,쾌감을부정,;コマンドを実行しにくい。PALAM:욕정が上がりにくい
72,중독되기쉬움,;ABL:자위중독、정액중독、레즈중독が上げやすい
73,즉각함락,;コマンドを実行しやすい。調教時にABLが上がる事がある
74,자위광,;Ｃ系コマンド及び자위系コマンドの効果アップ
75,음란구멍,;Ｖ系コマンドの効果アップ
76,항문광,;Ａ系コマンドの効果アップ
77,음란가슴,;Ｂ系コマンドの効果アップ
78,섹스광,;セックス系コマンドの効果アップ

;性愛性
80,도착적,;SM系調教の効果が高い。ABLが全体的に上がりやすい
81,바이,;レズ調教を実行しやすい。ABL:レズ、레즈중독が上げやすい
82,남자혐오,;남자での調教時にペナルティ
83,새드,;調教者の時にコマンドを実行しやすい。ABL:봉사정신が上げにくい
84,마조,;
85,질투,;
86,맹신,;コマンドを実行しやすい。PALAM:굴복が上がりやすい
87,소악마,;調教者の時にコマンドを実行しやすい
88,여자혐오,;女での調教時にペナルティ

;魅了
90,여우,;助손化の際に요호になる
91,요호,;調教者の時にPALAM:수치が上がりやすい。助손時に「미약」が손に入る事がある
92,매력,;売却額増加
93,매혹,;調教者の時にコマンドを実行しやすい。調教者の時にPALAMが全体的に上がりやすい
94,수수께끼의매력,;調教者の時にコマンドを実行しやすい。調教者の時にPALAMが全体的に上がりやすい

;身体特徴
100,작은체구,;PALAM:고통、공포が上がりやすい
101,C둔감,;PALAM:쾌Cが上がりにくい
102,C민감,;PALAM:쾌Cが上がりやすい
103,V둔감,;PALAM:쾌Vが上がりにくい
104,V민감,;PALAM:쾌Vが上がりやすい
105,A둔감,;PALAM:쾌Aが上がりにくい
106,A민감,;PALAM:쾌Aが上がりやすい
107,B둔감,;PALAM:쾌Bが上がりにくい
108,B민감,;PALAM:쾌Bが上がりやすい
109,빈유,;ABL:B감각が上げやすい。가슴関連の調教にペナルティ
110,절벽,;ABL:B감각が特に上げやすい。가슴関連の調教が一部不可能なぐらいペナルティ
111,거유,;ABL:B감각が上げにくい。가슴関連の調教にボーナス
112,폭유,;ABL:B감각がかなり上げにくい。가슴関連の調教に結構ボーナス
113,큰체구,;体位にペナルティ。調教者のときに体位にボーナス。
114,아이사이즈,;ABL:C감각が特に上げやすい。SEX系調教にボーナス。사정不可
115,단소,;ABL:C감각が上げやすい。SEX系調教にボーナス
116,거근,;ABL:C감각が上げにくい。SEX系調教にペナルティ
117,말자지,;ABL:C감각が特に上げにくい。SEX系調教に大きくペナルティ。절륜相当のボーナス
118,음모없음,;つるつる。１で天然、２で제모した状態。
119,포경,;ちょっと形が違うね！PALAM:쾌Cが少し上がりづらくPALAM:수치が上がりやすい
120,함몰유두,;乳首が陥没している。興奮度合いによってPALAM:쾌Bの上がりやすさが変わる

;特殊
130,회복빠름,;체력回復量が多い
131,회복느림,;체력回復量が少ない
132,흡혈귀,;夜休憩時체력回復量上昇、昼間は野外に出られない
133,일광욕,;昼休憩時체력回復量上昇
134,월광욕,;夜休憩時체력回復量上昇
135,치료,;助손、主人の時に체력回復量上昇
136,고무적,;助손の時にコマンドを実行しやすい。助손の時に調教終了후の자위回数増加
137,반음반양,;남자ベースの후타나리。SEX系調教が可能。
138,이상한뿌리,;助손化の際に후타나리になる
139,후타나리,;남자でなくてもSEX系調教が可能
140,남자,;男である
141,광기,;売却額がかなり低下
142,소인체형,;主人が금지된지식を持っていないと多くのＶＡ調教に制約がかかる
143,동물귀,;売却額増加
144,금지된지식,;特殊なアイテムやコマンドを実行できる
145,인기,;売却額増加
146,구현,;助손化の際に후타나리になる
147,불사신,;死亡時に蘇生。체력回復量が多い
148,광기어린눈,;(現在では実装されていないが処理だけは行われているらしいので枠を確保)
149,모유체질,;噴乳する
150,유아／유아퇴행,;調教者の時に相손を모유체질にする。가슴関連の調教の効果が高い
151,유치,;調教者の時に相손を모유체질にする。調教者の時に가슴関連の調教の効果が高い

153,임신,;아이を身ごもってる
154,육아중,;아이を育てている最中である証
155,모성,;子を産んだ母の愛
156,천리안,;心を見透かす程度の能力。依存度とストレス値を察知できる
157,수,;突っこむ系調教が出来なくなる
158,공,;突っこまれる系調教が出来なくなる
159,낙인,;売却出来なくなる 1|傷痕 2|刺青 4|焼き印 8|ピアス
160,동정,
161,백버진,
162,실의,;精神的にひどく落ち込んだ状態。コマンド実行が難しくなり、依存値変動が小さくなる。
163,기절,;

165,상사상애,
166,여자좋아,;女、후타나리、쉬메일での調教にボーナス
167,남자좋아,;男、반음반양、컨트보이での調教にボーナス
168,아이좋아,;소인체형での調教にボーナス
169,경험풍부,;調教者の기교が一定以下だと調教にペナルティ

170,오메가,;남자・반음반양でも임신することができる体質。Ａで孕む。
171,발정기,;임신しやすくなる。コマンド実行がしやすくなる
172,컨트보이,;下半身に女性器のある男。페니스はない。
173,쉬메일,;下半身に男性器のある女。바기나はない。

180,극,;修行に出た刀剣男士。売却値にボーナス
181,신기,;신기を使うことができる刀剣男士。도종:剣しか持っていない

;身体改造
200,한팔결손,;
201,양팔결손,;
202,한다리결손,;
203,양다리결손,;
204,달마,;
205,모두발치,;


