;--------------------------------------------------
;애무・자위系コマンド(0～9)
0,애무
1,키스한다
2,아무것도안한다
3,비패개장
4,자위
5,가슴자위
6,자위
7,항문자위
8,애널개방

;--------------------------------------------------
;Ｂ系調教コマンド(10～19)
10,가슴애무
11,가슴주무르기
12,유두로터
13,니틀캡
14,유두고문
15,유두클립
16,유방전극
17,착유기
18,모유마시기

;--------------------------------------------------
;Ｃ系調教コマンド(20～39)
20,로터
21,진동마사지기
22,클리캡
23,클리고문
24,음핵클립
25,음핵전극

30,수음한다
31,펠라한다
32,전동오나홀
33,귀두고문
34,구슬애무
35,구슬고문
36,벗겨낸다

;--------------------------------------------------
;Ｖ系調教コマンド(40～49)
40,커닐링구스
41,손가락삽입
42,로터삽입
43,바이브
44,바기나전극

;--------------------------------------------------
;Ａ系調教コマンド(50～59)
50,애널자극
51,애널애무
52,로터A삽입
53,애널비즈
54,애널바이브
55,확장벌룬
56,애널전극

;--------------------------------------------------
;Ｕ系調教コマンド(60～69)
60,카테터
61,요도벌룬
62,전극카테터

;--------------------------------------------------
;奉仕系コマンド(70～89)
70,수음
71,펠라치오
72,이라마치오
73,파이즈리
74,세로파이즈리
75,파이즈리펠라
76,스마타
77,손가락츄파

80,풋잡
81,헤어잡
82,겨드랑이잡
83,엉덩이더듬기
84,니플퍽
85,발핥기강제
86,구슬비비기강제
87,구슬핥기강제

;--------------------------------------------------
;セックス系コマンド(100～109)
100,정상위
101,후배위
102,대면좌위
103,배면좌위
104,대면입위
105,배면입위
106,기승위

;--------------------------------------------------
;애널セックス系コマンド(110～119)
110,정상위애널
111,후배위애널
112,대면좌위애널
113,배면좌위애널
114,대면입위애널
115,배면입위애널
116,기승위애널

;--------------------------------------------------
;ＳＭ系・ハードな調教コマンド(130～169)
130,밧줄
131,아이마스크
132,볼개그
133,정조대
134,사정관리

140,스팽킹
141,젖스팽킹
142,채찍
143,바늘
144,촛불
145,삼각목마

150,가구로한다
;151,拷問
152,매도한다
153,발로 밟는다
154,배빵
155,목조르기
156,낙인
157,물고문
158,간지럼고문

160,피스트퍽
161,애널피스트
162,양구멍피스트
163,본체간

;--------------------------------------------------
;スカトロ系コマンド(180～189)
180,관장
181,육변기
182,방뇨시킨다
183,배변시킨다
184,음뇨시킨다
185,식분시킨다

;--------------------------------------------------
;コミュニケーション系コマンド(200～209)
200,회화
201,선물
202,스킨십
203,느긋하게한다
204,가사
205,노래연습
206,선물시킨다
207,데이트간다

;--------------------------------------------------
;애무시킨다系コマンド(220～229)
220,애무시킨다
221,가슴을주무르게한다
222,커닐링구스강제
223,손가락삽입시킨다
224,애널핥기강제
225,애널애무시킨다
226,자위과시한다
227,자위과시한다
228,벗겨보여주기

;--------------------------------------------------
;奉仕する系コマンド(240～249)
240,파이즈리한다
241,파이즈리펠라한다
242,풋잡한다
243,가슴을비빈다
244,조개비비기
245,장대비비기
246,전기안마

;--------------------------------------------------
;主人수セックス系コマンド(260～279)
260,정상위시킨다
261,후배위시킨다
262,기승위한다
263,정상위애널시킨다
264,후배위애널시킨다
265,기승위애널한다

270,촉수에범하게시킨다
271,촉수에A를범하게시킨다

;--------------------------------------------------
;主人마조プレイコマンド(280～289)
280,이라마치오시킨다
281,매도당한다
282,발을핥는다
283,얻어맞는다
284,채찍으로맞는다
285,음뇨한다
286,식분한다

;--------------------------------------------------
;薬品系コマンド(300～309)
300,로션
301,미약
302,이뇨제
303,강정신약
304,구토제
305,가려움증약
306,꽐라플레이

;--------------------------------------------------
;シチュエーション別コマンド(310～329)
310,비디오촬영
311,비디오감상
312,사진촬영
313,수치플레이
314,제모
315,목욕탕플레이
316,샤워
317,거품비비기
318,거품비비기한다
319,신혼부부플레이

320,야외플레이
321,사람을부른다
322,윤간
323,지하실


;--------------------------------------------------
;촉수系コマンド(340～359)
340,촉수소환
341,촉수유두고문
342,촉수클리고문
343,촉수페니스고문
344,촉수삽입
345,촉수애널

350,촉수구욕
351,촉수구속
352,촉수관장

;--------------------------------------------------
;촉수系・拡張コマンド(360～379)
360,촉수착유
361,촉수유선고문
362,촉수G스팟고문
363,촉수자궁고문
364,촉수전립선자극
365,촉수尿道삽입
366,촉수바기나확장
367,촉수애널확장
368,촉수양구멍확장
369,촉수산란
370,촉수애널산란
371,촉수관통
372,전기촉수
373,촉수뇌간
374,최면촉수

;--------------------------------------------------
;異種姦コマンド(380～389)
380,버터견
381,수간
382,뱀장어탕
383,곤충탕

;--------------------------------------------------
;猟奇系系コマンド(390～399)
390,한쪽팔절단
391,한쪽다리절단
392,발치

;--------------------------------------------------
;助손命令系コマンド(400～409)
400,클리토리스애무명령
401,페니스애무명령
402,가슴애무명령
403,손가락삽입명령
404,애널애무명령
405,삽입명령
406,애널삽입명령
407,구욕명령

;--------------------------------------------------
;임신パッチ系コマンド(410～419)
410,콘돔장착(노예)
411,콘돔장착(조수)
412,정액키스

;--------------------------------------------------
;ダブル系（奴隷と助손）コマンド(420～429)
420,더블펠라
421,더블파이즈리
422,더블스마타

;--------------------------------------------------
;奴隷×助손コマンド(430～439)
430,조수를범하게시킨다
431,조수의A를범하게시킨다

;--------------------------------------------------
;主人×助손コマンド(440～449)
440,조수를범한다
441,조수의A를범한다

;--------------------------------------------------
;派生系コマンド(500～)
;500,Ｇスポット刺激
;501,前立腺刺激
;502,搾乳
;503,シックスナイン
;504,６９파이즈리
;505,岩清水
;506,乱れ牡丹
;507,挿入Ｇスポ責め
;508,挿入子宮입責め
;509,기승위乳房자위

;510,駅弁
;511,스팽킹セックス
;512,스팽킹애널
;513,목조르기セックス
;514,목조르기애널
;515,サンドイッチ
;516,二本フェラ
;517,二輪挿し
;518,二輪挿し애널
;519,連結

;520,サンドイッチさせる
;521,助손をサンドイッチ
;522,二輪挿しさせる
;523,二輪挿し애널させる
;524,助손を二輪挿し
;525,助손を二輪挿し애널
;526,挿入前立腺刺激
;527,セルフ連結チューブ
;528,授乳손コキ

