0,ローター,1000
1,Ｅマッサージャ,3000
2,クリキャップ,1000
3,電動オナホール,3000
4,バイブ,3000
5,アナルバイブ,3000
6,アナルビーズ,3000
7,ボディクリップ,1500
8,拡張バルーン,5000
9,浣腸器具一式,3500

10,二プルキャップ,1000
11,搾乳機,1500
12,ペニスバンド,2000
13,鞭,5000
14,針,2000
15,アイマスク,1500
16,縄,2500
17,ボールギャグ,1000
18,ビデオカメラ,10000
19,カメラ,5000

20,プレイマット,2000
21,大鏡,5000
22,首輪＋リード,3500
23,電極プレイキット,5000
24,リボン,1500
25,カテーテル,10000
26,三角木馬,10000



;30～39番までは特殊な衣装のバリエーションに
30,貞操帯,15000
31,ねこみみ,10000
32,いぬみみ,10000
33,うさみみ,10000
34,ヘッドセット,8000

36,ストッキング,1500
37,タイツ,1800
38,エプロン,5000
39,ウエディングセット,1500000



;40～49番までは複数購入できる道具用の枠に
40,ローション,200
41,媚薬,2000
42,利尿剤,1000
43,ビデオテープ,500
44,フィルム,300
45,コンドーム,100
46,低温蝋燭,2000
47,強精神薬,1000
48,瀉下薬,1000
49,掻痒剤,2000



;50番からは能力獲得のアイテムを
50,【汚れ無視】,10000
51,【調合知識】,80000
52,【禁断の知識】,80000
53,【千里眼】,80000
54,【絶倫】,1000
55,【受け】,10
56,【攻め】,10
57,触手使役術,10000
58,進化の秘法,200000
59,【オメガ】,10


;60番からは体質変化の薬等を。値段が高い他、ストレス値も増加するため基本的にリスクが高い
60,仙人団子,1000
61,薬の材料(双),20000
62,薬の材料(消),10000
63,青い丸薬,20000
64,赤い丸薬,20000
65,豊胸剤,20000
66,縮胸剤,10000
67,抑プロラクチン薬,5000
68,３環系抗鬱薬,5000
69,半性転換の薬,25000
70,性転換の薬,50000
71,天使の奇跡,10000
72,悪魔の呪い,10000
73,豊根剤,20000
74,縮根剤,10000
75,包根剤,10000

80,記憶消去薬,100000
81,巻き戻しの薬,1000000
82,排卵誘発剤,2000
83,高性能避妊具,2000
84,黄色い丸薬,20000
85,緊急避妊薬,2000
86,甘酒,500
87,ビール,1000
88,日本酒,2000

;90番以降は何か特殊なアイテムの枠に
90,手術道具一式,300000
91,檻,20000
92,屋台,100000
93,屋台の増築,50000
94,プラカード,5000

96,お守り,50000
97,お守り・極,200000

;200～キャラクターカード
;200,
;201,
202,三日月宗近,40000
;203,三日月宗近　極,0
204,小狐丸,40000
;205,小狐丸　極,0
206,石切丸,23000
207,石切丸　極,0,0
208,岩融,50000
209,岩融　極,0
210,今剣,2000
211,今剣　極,0
212,大典太光世,40000
;213,
214,ソハヤノツルキ,40000
;215,
216,数珠丸恒次,40000
;217,
218,にっかり青江,4000
219,にっかり青江　極,0
220,鬼丸国綱,40000
;221,
222,鳴狐,13000
223,鳴狐　極,0
224,一期一振,32000
;225,一期一振　極,0
226,鯰尾藤四郎,4000
227,鯰尾藤四郎　極,0
228,骨喰藤四郎,4000
229,骨喰藤四郎　極,0
230,平野藤四郎,3000
;231,平野藤四郎　極,0
232,厚藤四郎,3000
233,厚藤四郎　極,0
234,後藤籐四郎,2000
;235,後藤藤四郎　極,0
236,信濃籐四郎,2000
;237,信濃藤四郎　極,0
238,前田藤四郎,2000
;239,前田藤四郎　極,0
240,秋田藤四郎,2000
241,秋田藤四郎　極,0
242,博多藤四郎,2000
243,博多藤四郎　極,0
244,乱藤四郎,2000
;245,乱藤四郎　極,0
246,五虎退,2000
247,五虎退　極,0
248,薬研藤四郎,2000
;249,薬研藤四郎　極,0
250,包丁藤四郎,2000
251,包丁藤四郎　極,0
252,大包平,40000
;253,
254,鶯丸,32000
;255,鶯丸　極,0
256,明石国行,30000
;257,明石国行　極,0
258,蛍丸,30000
259,蛍丸　極,0
260,愛染国俊,2000
;261,愛染国俊　極,0
262,千子村正,30000
263,千子村正　極,0
264,蜻蛉切,30000
265,蜻蛉切　極,0
266,物吉貞宗,4000
267,物吉貞宗　極,0
268,太鼓鐘貞宗,2000
;269,太鼓鐘貞宗　極,0
270,亀甲貞宗,13000
271,亀甲貞宗　極,0
272,燭台切光忠,30000
;273,燭台切光忠　極,0
274,大般若長光,32000
;275大般若長光　極,0
276,小竜景光,32000
;277,小竜景光　極,0
278,江雪左文字,32000
279,江雪左文字　極,0
280,宗三左文字,13000
281,宗三左文字　極,0
282,小夜左文字,2000
283,小夜左文字　極,0
284,加州清光,13000
285,加州清光　極,0
286,大和守安定,13000
287,大和守安定　極,0
288,歌仙兼定,13000
;289,歌仙兼定　極,0
290,和泉守兼定,30000
291,和泉守兼定　極,0
292,陸奥守吉行,13000
;293,陸奥守吉行　極,0
294,山姥切国広,13000
;295,山姥切国広　極,0
296,山伏国広,30000
297,山伏国広　極,0
298,堀川国広,4000
299,堀川国広　極,0
300,蜂須賀虎徹,13000
301,蜂須賀虎徹　極,0
302,浦島虎徹,4000
303,浦島虎徹　極,0
304,長曽祢虎徹,30000
305,長曽祢虎徹　極,0
306,髭切,32000
;307,
;308,
;309,
310,髭切　極,0
311,膝丸,32000
;312,
;313,
314,膝丸　極,0
315,大倶利伽羅,30000
;316,大倶利伽羅　極,0
317,へし切長谷部,23000
;318,へし切長谷部　極,0
319,不動行光,2000
320,不動行光　極,0
321,獅子王,30000
322,獅子王　極,0
323,小烏丸,40000
;324,
;325,
;326,
327,同田貫正国,30000
;328,同田貫正国　極,0
329,鶴丸国永,32000
330,鶴丸国永　極,0
331,太郎太刀,23000
;332,太郎太刀　極,0
333,次郎太刀,23000
;334,次郎太刀　極,0
335,日本号,30000
336,日本号　極,0
337,御手杵,30000
338,御手杵　極,0
339,巴形薙刀,50000
;340,巴形薙刀　極,0
341,毛利藤四郎,2000
;342,毛利藤四郎　極,0
343,篭手切江,4000
;344,
345,謙信景光,2000
;346,謙信景光　極,0
347,小豆長光,32000
;348,小豆長光　極,0
349,日向正宗,2000
;350,日向正宗　極,0
351,静形薙刀,50000
;352,静形薙刀　極,0
353,南泉一文字,13000
354,南泉一文字　極,0
355,千代金丸,30000
356,千代金丸　極,0
357,山姥切長義,13000
;358,
359,豊前江,13000
;360,
361,祢々切丸,23000
;362,
363,白山吉光,60000
;364,
365,南海太郎朝尊,13000
;366,
367,肥前忠広,4000
;368,
369,北谷菜切,2000
;370,
371,桑名江,13000
;372,
373,水心子正秀,13000
;374,
375,源清麿,13000
;376,
377,松井江,13000
;378
379,山鳥毛,40000
;380
381,古今伝授の太刀,32000
;382
383,地蔵行平,13000
;384
385,治金丸,4000
;386,
387,日光一文字,32000
;388,
389,太閤左文字,2000
;390,
391,五月雨江,13000
;392,
393,大千鳥十文字槍,30000
;394,
395,泛塵,4000
;396,
397,一文字則宗,40000
;398,
399,村雲江,13000
;400,
401,姫鶴一文字,32000
;402,
403,福島光忠,32000
;404
405,七星剣,60000
;406
;407,,
;408
409,稲葉江,30000
;410

