;このファイルにはネタバレが含まれています。
;閲覧には十分に注意してください。
;
;
;
10,・・・・・・・・・
11,・・・・・・
12,・・・
13,★★★%NAME:TARGET%は消えました★★★
14,
15,
16,

;---------------------------------------------------,
;オープニング,
;---------------------------------------------------,
500,都会の路地を一本入ったところに、その店はあった。
501,古びた雑居ビルの隙間。
502,まるで埋まるようにして佇む、これまた古い二階建て。
503,看板らしい看板はない。
504,だが、刀剣好きの友人に教えられたとおりの外観に胸が躍った。
505,
506,重そうなガラスの引き戸には、【商い中】の木板が下がっている。
507,逸る気持ちを抑えながら、ドアを開けた。
508,店の中は昼でも薄暗く、どことなく寒々しい。
509,店番の気配もなく、空調の音すらしない。
510,全くの無音。
511,決して広くない店内には、いくつものガラスケースが並んでいる。
512,
513,ガラスケースの中には、刀剣ではなく写真が並んでいた。
514,刀の名の札が付けられた、刀の写真。
515,そして、それのすぐ横に飾られた、人の写真。
516,写っているのは、青年や少年だった。
517,和装の者もいれば、洋装の者もいる……
518,
519,――あの刀は。
520,あの刀はどこにあるのだろう。
521,鼻息荒く、目当ての刀を探そうとした――その時。
522,「おや、珍しい」
523,「お客さんだ」
524,店の奥から、音もなく和装の人物が現れた。
525,男にも見えるし、女にも見える。
526,年老いているようにも見えるし、若くも見える。
527,不思議な人物だった。
528,口許に胡散臭い笑みを浮かべて、その人物は言った。
529,「刀を」
530,「お探しですか」
531,
532,頷くと、その人物は妖しい笑みを浮かべた。
533,「おやおや、それはそれは……」
534,「はい。私がこの店の店主。“審神者（さにわ）”をしております」
535,
536,「……おや。これはこれは」
537,「いや、失敬。それにしても驚きました」
538,「あなたは私と同じように、審神者の素質がおありのようだ」
539,「意味がわかりませんか？　……それはそれは」
540,「では、お話しましょうか。奥の間へどうぞ」
541,「こんなところで、立ち話というのも、なんですから……」
542,
543,「あなたもご存じの通り、当店で扱っているのは、刀」
544,「ただし、普通の刀ではありません。“付喪神”の憑いた刀です」
545,「写真に写った人物は、すべてその刀に宿りし付喪神でしてね……」
546,「私どもは、この付喪神たちのことを“刀剣男士”と呼んでいます」
547,「刀剣男士を実体化させるのは、我々審神者のみが持つ能力なのです」
548,
549,「刀剣男士は、この頃、刀剣愛好家たちの間で秘かに人気を集めていましてね」
550,「特に……性奴隷として調教を施したものは、それはもう、高値で売れる」
551,「しかし、審神者の力を持つ者は限られている。正直、私の手に余る状況です」
552,「そこで、だ」
553,
554,「あなたを審神者としてスカウトしたい」
555,「もちろん、作り方はお教えしますし、タダでやれとは言いません」
556,「もし、審神者になって私のビジネスを手伝うというのであれば」
557,「お好きな刀剣男士をひとり、あなたに差し上げましょう」
558,「ただしこちらは、奴隷用ではなく、あなたの手足となるための刀剣男士」
559,「奴隷としての調教を施すことは、できませんが……」
560,
561,「それと、この仕事に専従するための屋敷も提供します」
562,「維持費もしばらくは……そうですね、
563,20日
564,15日
565,10日
566,程度であれば免除します」
567,「おやおや、不安になってきましたか？」
568,「こんなにうまい話があるわけがないって？」
569,「そう言わずに……どうです？」
570,
571,「私が、奴隷となる刀剣男士と、屋敷を提供する」
572,「あなたが、それらを元手に、期日までに100万円を準備する」
573,「悪い話では、ないと思うのですが――」
574,

;---------------------------------------------------,
;バッドエンド１,
;---------------------------------------------------,
1000,　　　　　　　　　　　　　　―――{DAY-1}日経過―――
1001,………………
1002,…………
1003,……
1004,%CALLNAME:MASTER%は、一人、部屋に立ち尽くしていた。
1005,はっとして辺りを見回すと、そこは見慣れた自分の部屋だ。
1006,どうやら、少しの間、意識を失っていたらしい。
1007,……だが、何かがおかしい。違和感があった。
1008,自分には今まで、何か大きな目標があったような……
1009,けれど、何も思い出せない。
1010,
1011,しばらく立ち尽くしていると、不意に今日行く予定だった店の事を思い出した。
1012,……そうだ。刀剣好きの友人に聞いた、刀剣を専門に扱う店。
1013,どうしても行きたいとわがままを言い、特別に教えてもらった店だ。
1014,そこへ行くのがあまりに楽しみで、夢でも見てしまっていたのだろうか……
1015,
1016,そこならばきっと、自分が探しているものがあるはずだ。
1017,逸る気持ちを抑えながら、%CALLNAME:MASTER%は部屋を後にした……
1018,
1019,――――――――――――――――――GAMEOVER――――――――――――――――――

;---------------------------------------------------,
;バッドエンド２,
;---------------------------------------------------,
1020,　　　　　　　　　　　　　―――所持金が底を突いた―――
1021,………………
1022,…………
1023,……
1024,%CALLNAME:MASTER%は、見知らぬ場所で目を覚ました。
1025,今まで暮らしていた、自分の屋敷ではない。
1026,どういうことか……辺りを見回そうとしても、身体の自由が利かなかった。
1027,手足は縄で縛られ、口にも枷が嵌められている。
1028,……そう、まるで奴隷のように。
1029,「ああ……よく、わかりましたね。正解です」
1030,聞き覚えのある声が辺りに響いて、和装の人物が目の前に現れる。
1031,「残念です……あなたには、期待していたんですけれど」
1032,「やはり、無駄だったようですね……」
1033,「私の投資も、無駄になってしまいました」
1034,店主が近づいてきて、%CALLNAME:MASTER%の顔を覗き込む。
1035,まるで能面のようなその表情に、背筋がゾッと冷たくなる。
1036,「さて……あなたは失敗しました」
1037,「無駄になったものは、返して頂かないといけません」
1038,「どうすればいいか……おわかりですか？」
1039,店主の問いに、%CALLNAME:MASTER%は堪えられずに身を固くする。
1040,身を捩ることもできずに、頬を撫でられ、生温い感触が肌を這った。
1041,
1042,……そうだ。自分は失敗したのだ。
1043,なら、どうすればいいのだろうか……？
1044,よく見れば、%CALLNAME:MASTER%はなにも服を着ていない。
1045,妖しい笑みを浮かべた刀売りの店主が、ゆっくりと近づいてきた……
1046,
1047,――――――――――――――――――GAMEOVER――――――――――――――――――

;---------------------------------------------------,
;グッドエンド,
;---------------------------------------------------,
1100,………………
1101,…………
1102,……
1103,都会の路地を一本入ったところに、見慣れた店がある。
1104,古びた雑居ビルの隙間。
1105,まるで埋まるようにして佇む店には、今日も【商い中】の木板が下がっている。
1106,ガラスの引き戸を開けて、店内を見回した。
1107,店の奥からは、いつものように妖しい笑みを浮かべた店主が歩いてくる。
1108,「……お待ちしておりました」
1109,「指定した額は、用意して頂けたようですね」
1110,%CALLNAME:MASTER%は頷いて、用意した金を店主に渡した。
1111,
1112,「……はい。確かに」
1113,「やはりあなたは、私の見込んだ通りの人のようですね」
1114,「これで私のビジネスも、もう少し先へ進めそうです」
1115,どこか安堵したような声で、店主が言う。
1116,「ありがとうございます。……お疲れ様でした」
1117,そう言って、深々と頭を下げてくる。
1118,ようやく、%CALLNAME:MASTER%の役目も終わったのだ……
1119,
1120,都会の路地を一本入ったところに、見慣れた店がある。
1121,古びた雑居ビルの隙間。
1122,まるで埋まるようにして佇む、これまた古い二階建て。
1123,初めて見たときは、その外観に胸を躍らせたものだ……
1124,……けれど、今は違う。
1125,今はこれ以上に、%CALLNAME:MASTER%の胸を躍らせるものがある。
1126,%CALLNAME:MASTER%が手に入れ、調教してきた……奴隷が。
1127,
1128,店主との約束は果たし、%CALLNAME:MASTER%の仕事は終わった。
1129,なら、%CALLNAME:MASTER%は自由だ。
1130,%CALLNAME:MASTER%は逸る気持ちを抑えながら、自分を待つ奴隷の元へ歩きだす。
1131,まだまだ、やりたいことはたくさんあるのだ……
1132,　
1133,　　　　　　　　―― Ending No.1 (ノーマルエンド)


