;処女系列
0,処女
1,再生処女,;すなわちフェイク。

;陥落素質系列
3,恋慕,;愛情に似た感情を抱いている状態。
4,淫乱,;色欲に乱れきった状態。
5,服従,;完全に心を折って、屈した状態。
6,親愛,;恋慕の上位素質。
7,娼婦,;淫乱の上位素質。
8,隷属,;服従の上位素質。
9,崩壊,;精神に異常をきたした状態

;性格
10,臆病,;ABL:従順が上げやすい。PALAM:反感が上がりにくい
11,反抗的,;コマンドを実行しにくい。売却の際に従順4以上必要。PALAM:恭順と欲情が上がりにくい
12,気丈,;コマンドを実行しにくい。売却の際に従順4以上必要
13,素直,;コマンドを実行しやすい。ABL:従順と奉仕精神が上げやすい。PALAM:恭順が上がりやすい
14,大人しい,;PALAM:反感が上がりにくい
15,プライド高い,;コマンドを実行しにくい。ABL:技巧と奉仕精神が上げにくい。PALAM:屈服が上がりにくい
16,生意気,;ABL:従順と奉仕精神が上げにくい。
17,プライド低い,;コマンドを実行しやすい。ABL:奉仕精神が上げやすい。PALAM:屈服が上がりやすい
18,ツンデレ,;コマンドが実行しにくいが、従順Lv4以上で反転
19,威圧,;調教者が持っていると奴隷のPALAM:恐怖/気力消費が上がりやすく、奴隷がもっているとPALAM:屈服/PALAM:恐怖が上がりづらくABL:従順も上げづらくなる

;性への関心
20,自制心,;売却の際に欲望4以上必要。ABL:奉仕精神が上げにくい。快楽系PALAMが上がりにくい
21,無関心,:ABL:奉仕精神が上げにくい。PALAM:恭順、欲情、屈服、恐怖、反感が上がりにくい
22,感情乏しい,:ABL:奉仕精神が上げにくい。PALAMが全体的に上がりにくい
23,好奇心,;コマンドを実行しやすい。PALAM:習得が上がりやすい
24,保守的,;コマンドを実行しにくい。ABL:奉仕精神が上げにくい。PALAM:習得が上がりにくい
25,楽観的,;ABL:奉仕精神が上げやすい。PALAM:抑鬱が上がりにくい
26,悲観的,;ABL:奉仕精神が上げやすい。PALAM:抑鬱が上がりやすい
27,一線越えない,;全てのABLが上げにくく、恭順が上がりにくい。陥落後は反転する。
28,目立ちたがり,;コマンドを実行しやすい。ABL:奉仕精神と露出癖が上げやすい

;乙女心
30,貞操観念,;情愛系調教の効果が低い。PALAM:反感が上がりやすい
31,貞操無頓着,;情愛系調教の効果が低い。PALAM:反感が上がりにくい
32,抑圧,;コマンドを実行しにくい。PALAM:欲情が上がりにくい。PALAM:反感が上がりやすい。従順上昇で消える。
33,解放,;ABL:マゾっ気が上げやすい。PALAM:欲情と屈服が上がりやすい
34,抵抗,;コマンドを実行しにくい。PALAM:欲情が上がりにくい。PALAM:反感が上がりやすい。欲望上昇で消える。
35,恥じらい,;コマンドを実行しにくい。露出系調教の効果が高い
36,恥薄い,;露出系調教の効果が低い
37,弱味,;コマンドを実行しやすい
38,メンヘラ,;愛されたがりで、依存度の変動が通常より大きくなる

;体質
40,痛みに弱い,;PALAM:恐怖と反感が上がりやすい。ABL:マゾっ気があるとSM系調教でPALAM:欲情が上がりやすい
41,痛みに強い,;PALAM:恐怖と反感が上がりにくい
42,濡れやすい,;PALAM:潤滑が上がりやすい
43,濡れにくい,;PALAM:潤滑が上がりにくい
44,メシマズ,;ABL:料理技能が上げづらい。ABL:精液中毒が上げやすい
45,早漏,;射精ゲージが上がりやすくなる
46,遅漏,;射精ゲージが上がりづらくなる
47,絶倫,;射精、絶頂、噴乳での体力気力消費が減る。射精限界回数の増加
48,上戸,;酒に強い体質。嘔吐ゲージが上がりづらくなる
49,下戸,;酒に弱い体質。嘔吐ゲージが上がりやすくなる

;技術
50,習得早い,;ABL:奉仕精神が上げやすい。PALAM:習得が上がりやすい
51,習得遅い,;ABL:奉仕精神が上げにくい。PALAM:習得が上がりにくい
52,舌使い,;フェラ系調教の効果が高い
53,針さばき,;コマンド「針」の効果が高い
54,猫舌,;フェラ系調教が実行不可
55,調合知識,;特殊なアイテムを購入できる。コマンド「媚薬」の体力と気力の消費が少ない
56,薬毒耐性,;コマンド「媚薬」が実行不可
57,おもらし癖,;放尿コマンドが常に使えるようになる。絶頂時に放尿。
58,指さばき,;着衣のまま一部コマンドが使えるようになる
59,料理上手,;ABL:料理技能が上げやすい。ABL:精液中毒が上げにくい

;潔癖度
60,自慰しやすい,;自慰関連が実行しやすい。ABL:自慰中毒が上げやすい
61,汚臭鈍感,;フェラ系調教を実行しやすい。ABL:精液中毒が上げやすい
62,汚臭敏感,;フェラ系調教を実行しにくい。ABL:精液中毒が上げにくい
63,献身的,;奉仕系調教を実行しやすい。ABL:奉仕精神が上げやすい。PALAM:屈服が上がりやすい
64,汚れ無視,;調教者の時に汚れによるペナルティをうけない
65,スキンシップ好き,;調教者から触れられるコマンドを実行しやすい。ABL:自慰中毒を上げづらい
66,スキンシップ苦手,;調教者から触れられるコマンドを実行しにくい。着衣プレイ、自慰を実行しやすい。

;正直度
70,快感に素直,;コマンドを実行しやすい。ABL:欲望と奉仕精神が上げやすい。PALAM:欲情が上がりやすい
71,快感の否定,;コマンドを実行しにくい。PALAM:欲情が上がりにくい
72,中毒しやすい,;ABL:自慰中毒、精液中毒、レズ中毒が上げやすい
73,即落ち,;コマンドを実行しやすい。調教時にABLが上がる事がある
74,自慰狂い,;Ｃ系コマンド及び自慰系コマンドの効果アップ
75,淫壺,;Ｖ系コマンドの効果アップ
76,尻穴狂い,;Ａ系コマンドの効果アップ
77,淫乳,;Ｂ系コマンドの効果アップ
78,セックス狂,;セックス系コマンドの効果アップ

;性愛性
80,倒錯的,;SM系調教の効果が高い。ABLが全体的に上がりやすい
81,両刀,;レズ調教を実行しやすい。ABL:レズ、レズ中毒が上げやすい
82,男嫌い,;オトコでの調教時にペナルティ
83,サド,;調教者の時にコマンドを実行しやすい。ABL:奉仕精神が上げにくい
84,マゾ,;
85,嫉妬,;
86,妄信,;コマンドを実行しやすい。PALAM:屈服が上がりやすい
87,小悪魔,;調教者の時にコマンドを実行しやすい
88,女嫌い,;女での調教時にペナルティ

;魅了
90,狐,;助手化の際に妖狐になる
91,妖狐,;調教者の時にPALAM:恥情が上がりやすい。助手時に「媚薬」が手に入る事がある
92,魅力,;売却額増加
93,魅惑,;調教者の時にコマンドを実行しやすい。調教者の時にPALAMが全体的に上がりやすい
94,謎の魅力,;調教者の時にコマンドを実行しやすい。調教者の時にPALAMが全体的に上がりやすい

;身体特徴
100,小柄体型,;PALAM:苦痛、恐怖が上がりやすい
101,Ｃ鈍感,;PALAM:快Ｃが上がりにくい
102,Ｃ敏感,;PALAM:快Ｃが上がりやすい
103,Ｖ鈍感,;PALAM:快Ｖが上がりにくい
104,Ｖ敏感,;PALAM:快Ｖが上がりやすい
105,Ａ鈍感,;PALAM:快Ａが上がりにくい
106,Ａ敏感,;PALAM:快Ａが上がりやすい
107,Ｂ鈍感,;PALAM:快Ｂが上がりにくい
108,Ｂ敏感,;PALAM:快Ｂが上がりやすい
109,貧乳,;ABL:Ｂ感覚が上げやすい。胸関連の調教にペナルティ
110,絶壁,;ABL:Ｂ感覚が特に上げやすい。胸関連の調教が一部不可能なぐらいペナルティ
111,巨乳,;ABL:Ｂ感覚が上げにくい。胸関連の調教にボーナス
112,爆乳,;ABL:Ｂ感覚がかなり上げにくい。胸関連の調教に結構ボーナス
113,大柄体型,;体位にペナルティ。調教者のときに体位にボーナス。
114,子供サイズ,;ABL:Ｃ感覚が特に上げやすい。SEX系調教にボーナス。射精不可
115,短小,;ABL:Ｃ感覚が上げやすい。SEX系調教にボーナス
116,巨根,;ABL:Ｃ感覚が上げにくい。SEX系調教にペナルティ
117,馬並み,;ABL:Ｃ感覚が特に上げにくい。SEX系調教に大きくペナルティ。絶倫相当のボーナス
118,パイパン,;つるつる。１で天然、２で剃毛した状態。
119,包茎,;ちょっと形が違うね！PALAM:快Ｃが少し上がりづらくPALAM:恥情が上がりやすい
120,陥没乳首,;乳首が陥没している。興奮度合いによってPALAM:快Ｂの上がりやすさが変わる

;特殊
130,回復早い,;体力回復量が多い
131,回復遅い,;体力回復量が少ない
132,吸血鬼,;夜休憩時体力回復量上昇、昼間は野外に出られない
133,日光浴,;昼休憩時体力回復量上昇
134,月光浴,;夜休憩時体力回復量上昇
135,治療,;助手、主人の時に体力回復量上昇
136,鼓舞,;助手の時にコマンドを実行しやすい。助手の時に調教終了後の自慰回数増加
137,半陰半陽,;オトコベースのふたなり。SEX系調教が可能。
138,不思議な根,;助手化の際にふたなりになる
139,ふたなり,;オトコでなくてもSEX系調教が可能
140,オトコ,;男である
141,狂気,;売却額がかなり低下
142,小人体型,;主人が禁断の知識を持っていないと多くのＶＡ調教に制約がかかる
143,動物耳,;売却額増加
144,禁断の知識,;特殊なアイテムやコマンドを実行できる
145,人気,;売却額増加
146,具現,;助手化の際にふたなりになる
147,不死身,;死亡時に蘇生。体力回復量が多い
148,狂気の目,;(現在では実装されていないが処理だけは行われているらしいので枠を確保)
149,母乳体質,;噴乳する
150,幼児／幼児退行,;調教者の時に相手を母乳体質にする。胸関連の調教の効果が高い
151,幼稚,;調教者の時に相手を母乳体質にする。調教者の時に胸関連の調教の効果が高い

153,妊娠,;子供を身ごもってる
154,育児中,;子供を育てている最中である証
155,母性,;子を産んだ母の愛
156,千里眼,;心を見透かす程度の能力。依存度とストレス値を察知できる
157,受け,;突っこむ系調教が出来なくなる
158,攻め,;突っこまれる系調教が出来なくなる
159,烙印,;売却出来なくなる 1|傷痕 2|刺青 4|焼き印 8|ピアス
160,童貞,
161,バックバージン,
162,失意,;精神的にひどく落ち込んだ状態。コマンド実行が難しくなり、依存値変動が小さくなる。
163,気絶,;

165,相愛,
166,女好き,;女、ふたなり、シーメールでの調教にボーナス
167,男好き,;男、半陰半陽、カントボーイでの調教にボーナス
168,子供好き,;小人体型での調教にボーナス
169,経験豊富,;調教者の技巧が一定以下だと調教にペナルティ

170,オメガ,;オトコ・半陰半陽でも妊娠することができる体質。Ａで孕む。
171,発情期,;妊娠しやすくなる。コマンド実行がしやすくなる
172,カントボーイ,;下半身に女性器のある男。ペニスはない。
173,シーメール,;下半身に男性器のある女。ヴァギナはない。

180,極,;修行に出た刀剣男士。売却値にボーナス
181,神技,;神技を使うことができる刀剣男士。刀種:剣しか持っていない

;身体改造
200,片腕欠損,;
201,両腕欠損,;
202,片脚欠損,;
203,両足欠損,;
204,達磨,;
205,全抜歯,;


